"Time","Contracts","Funding Interval","Funding Rate"
"2021-12-08 16:00:00","BTCUSD Perpetual","8h","0.0100%"
"2021-12-08 08:00:00","BTCUSD Perpetual","8h","0.0100%"
"2021-12-08 00:00:00","BTCUSD Perpetual","8h","0.0100%"
"2021-12-07 16:00:00","BTCUSD Perpetual","8h","0.0100%"
"2021-12-07 08:00:00","BTCUSD Perpetual","8h","0.0085%"
"2021-12-07 00:00:00","BTCUSD Perpetual","8h","-0.0087%"
"2021-12-06 16:00:00","BTCUSD Perpetual","8h","0.0037%"
"2021-12-06 08:00:00","BTCUSD Perpetual","8h","0.0100%"
"2021-12-06 00:00:00","BTCUSD Perpetual","8h","0.0010%"
"2021-12-05 16:00:00","BTCUSD Perpetual","8h","-0.0011%"
"2021-12-05 08:00:00","BTCUSD Perpetual","8h","-0.0041%"
"2021-12-05 00:00:00","BTCUSD Perpetual","8h","-0.0019%"
"2021-12-04 16:00:00","BTCUSD Perpetual","8h","0.0081%"
"2021-12-04 08:00:00","BTCUSD Perpetual","8h","-0.0196%"
"2021-12-04 00:00:00","BTCUSD Perpetual","8h","-0.1209%"
"2021-12-03 16:00:00","BTCUSD Perpetual","8h","0.0100%"
"2021-12-03 08:00:00","BTCUSD Perpetual","8h","0.0100%"
"2021-12-03 00:00:00","BTCUSD Perpetual","8h","0.0100%"
"2021-12-02 16:00:00","BTCUSD Perpetual","8h","0.0100%"
"2021-12-02 08:00:00","BTCUSD Perpetual","8h","0.0100%"
"2021-12-02 00:00:00","BTCUSD Perpetual","8h","0.0100%"
"2021-12-01 16:00:00","BTCUSD Perpetual","8h","0.0100%"
"2021-12-01 08:00:00","BTCUSD Perpetual","8h","0.0100%"
"2021-12-01 00:00:00","BTCUSD Perpetual","8h","0.0100%"
"2021-11-30 16:00:00","BTCUSD Perpetual","8h","0.0100%"
"2021-11-30 08:00:00","BTCUSD Perpetual","8h","0.0100%"
"2021-11-30 00:00:00","BTCUSD Perpetual","8h","0.0100%"
"2021-11-29 16:00:00","BTCUSD Perpetual","8h","0.0100%"
"2021-11-29 08:00:00","BTCUSD Perpetual","8h","0.0100%"
"2021-11-29 00:00:00","BTCUSD Perpetual","8h","0.0100%"
"2021-11-28 16:00:00","BTCUSD Perpetual","8h","0.0100%"
"2021-11-28 08:00:00","BTCUSD Perpetual","8h","0.0100%"
"2021-11-28 00:00:00","BTCUSD Perpetual","8h","0.0100%"
"2021-11-27 16:00:00","BTCUSD Perpetual","8h","0.0100%"
"2021-11-27 08:00:00","BTCUSD Perpetual","8h","0.0100%"
"2021-11-27 00:00:00","BTCUSD Perpetual","8h","0.0100%"
"2021-11-26 16:00:00","BTCUSD Perpetual","8h","0.0100%"
"2021-11-26 08:00:00","BTCUSD Perpetual","8h","0.0100%"
"2021-11-26 00:00:00","BTCUSD Perpetual","8h","0.0100%"
"2021-11-25 16:00:00","BTCUSD Perpetual","8h","0.0100%"
"2021-11-25 08:00:00","BTCUSD Perpetual","8h","0.0100%"
"2021-11-25 00:00:00","BTCUSD Perpetual","8h","0.0100%"
"2021-11-24 16:00:00","BTCUSD Perpetual","8h","0.0100%"
"2021-11-24 08:00:00","BTCUSD Perpetual","8h","0.0100%"
"2021-11-24 00:00:00","BTCUSD Perpetual","8h","0.0100%"
"2021-11-23 16:00:00","BTCUSD Perpetual","8h","0.0100%"
"2021-11-23 08:00:00","BTCUSD Perpetual","8h","0.0100%"
"2021-11-23 00:00:00","BTCUSD Perpetual","8h","0.0100%"
"2021-11-22 16:00:00","BTCUSD Perpetual","8h","0.0100%"
"2021-11-22 08:00:00","BTCUSD Perpetual","8h","0.0100%"
"2021-11-22 00:00:00","BTCUSD Perpetual","8h","0.0100%"
"2021-11-21 16:00:00","BTCUSD Perpetual","8h","0.0100%"
"2021-11-21 08:00:00","BTCUSD Perpetual","8h","0.0100%"
"2021-11-21 00:00:00","BTCUSD Perpetual","8h","0.0100%"
"2021-11-20 16:00:00","BTCUSD Perpetual","8h","0.0100%"
"2021-11-20 08:00:00","BTCUSD Perpetual","8h","0.0100%"
"2021-11-20 00:00:00","BTCUSD Perpetual","8h","0.0100%"
"2021-11-19 16:00:00","BTCUSD Perpetual","8h","0.0100%"
"2021-11-19 08:00:00","BTCUSD Perpetual","8h","0.0100%"
"2021-11-19 00:00:00","BTCUSD Perpetual","8h","0.0100%"
"2021-11-18 16:00:00","BTCUSD Perpetual","8h","0.0100%"
"2021-11-18 08:00:00","BTCUSD Perpetual","8h","0.0100%"
"2021-11-18 00:00:00","BTCUSD Perpetual","8h","0.0100%"
"2021-11-17 16:00:00","BTCUSD Perpetual","8h","0.0100%"
"2021-11-17 08:00:00","BTCUSD Perpetual","8h","0.0100%"
"2021-11-17 00:00:00","BTCUSD Perpetual","8h","0.0100%"
"2021-11-16 16:00:00","BTCUSD Perpetual","8h","0.0100%"
"2021-11-16 08:00:00","BTCUSD Perpetual","8h","0.0100%"
"2021-11-16 00:00:00","BTCUSD Perpetual","8h","0.0100%"
"2021-11-15 16:00:00","BTCUSD Perpetual","8h","0.0100%"
"2021-11-15 08:00:00","BTCUSD Perpetual","8h","0.0147%"
"2021-11-15 00:00:00","BTCUSD Perpetual","8h","0.0100%"
"2021-11-14 16:00:00","BTCUSD Perpetual","8h","0.0100%"
"2021-11-14 08:00:00","BTCUSD Perpetual","8h","0.0100%"
"2021-11-14 00:00:00","BTCUSD Perpetual","8h","0.0100%"
"2021-11-13 16:00:00","BTCUSD Perpetual","8h","0.0100%"
"2021-11-13 08:00:00","BTCUSD Perpetual","8h","0.0100%"
"2021-11-13 00:00:00","BTCUSD Perpetual","8h","0.0100%"
"2021-11-12 16:00:00","BTCUSD Perpetual","8h","0.0100%"
"2021-11-12 08:00:00","BTCUSD Perpetual","8h","0.0100%"
"2021-11-12 00:00:00","BTCUSD Perpetual","8h","0.0100%"
"2021-11-11 16:00:00","BTCUSD Perpetual","8h","0.0100%"
"2021-11-11 08:00:00","BTCUSD Perpetual","8h","0.0100%"
"2021-11-11 00:00:00","BTCUSD Perpetual","8h","0.0100%"
"2021-11-10 16:00:00","BTCUSD Perpetual","8h","0.0100%"
"2021-11-10 08:00:00","BTCUSD Perpetual","8h","0.0517%"
"2021-11-10 00:00:00","BTCUSD Perpetual","8h","0.0589%"
"2021-11-09 16:00:00","BTCUSD Perpetual","8h","0.0495%"
"2021-11-09 08:00:00","BTCUSD Perpetual","8h","0.0513%"
"2021-11-09 00:00:00","BTCUSD Perpetual","8h","0.0350%"
"2021-11-08 16:00:00","BTCUSD Perpetual","8h","0.0427%"
"2021-11-08 08:00:00","BTCUSD Perpetual","8h","0.0585%"
"2021-11-08 00:00:00","BTCUSD Perpetual","8h","0.0507%"
"2021-11-07 16:00:00","BTCUSD Perpetual","8h","0.0399%"
"2021-11-07 08:00:00","BTCUSD Perpetual","8h","0.0346%"
"2021-11-07 01:00:00","BTCUSD Perpetual","8h","0.0356%"
"2021-11-06 17:00:00","BTCUSD Perpetual","8h","0.0100%"
"2021-11-06 09:00:00","BTCUSD Perpetual","8h","0.0100%"
"2021-11-06 01:00:00","BTCUSD Perpetual","8h","0.0100%"
"2021-11-05 17:00:00","BTCUSD Perpetual","8h","0.0100%"
"2021-11-05 09:00:00","BTCUSD Perpetual","8h","0.0100%"
"2021-11-05 01:00:00","BTCUSD Perpetual","8h","0.0100%"
"2021-11-04 17:00:00","BTCUSD Perpetual","8h","0.0100%"
"2021-11-04 09:00:00","BTCUSD Perpetual","8h","0.0100%"
"2021-11-04 01:00:00","BTCUSD Perpetual","8h","0.0305%"
"2021-11-03 17:00:00","BTCUSD Perpetual","8h","0.0505%"
"2021-11-03 09:00:00","BTCUSD Perpetual","8h","0.0100%"
"2021-11-03 01:00:00","BTCUSD Perpetual","8h","0.0438%"
"2021-11-02 17:00:00","BTCUSD Perpetual","8h","0.0817%"
"2021-11-02 09:00:00","BTCUSD Perpetual","8h","0.0490%"
"2021-11-02 01:00:00","BTCUSD Perpetual","8h","0.0277%"
"2021-11-01 17:00:00","BTCUSD Perpetual","8h","0.0100%"
"2021-11-01 09:00:00","BTCUSD Perpetual","8h","0.0467%"
"2021-11-01 01:00:00","BTCUSD Perpetual","8h","0.0281%"
"2021-10-31 17:00:00","BTCUSD Perpetual","8h","0.0100%"
"2021-10-31 09:00:00","BTCUSD Perpetual","8h","0.0100%"
"2021-10-31 01:00:00","BTCUSD Perpetual","8h","0.0311%"
"2021-10-30 17:00:00","BTCUSD Perpetual","8h","0.0128%"
"2021-10-30 09:00:00","BTCUSD Perpetual","8h","0.0233%"
"2021-10-30 01:00:00","BTCUSD Perpetual","8h","0.0451%"
"2021-10-29 17:00:00","BTCUSD Perpetual","8h","0.0227%"
"2021-10-29 09:00:00","BTCUSD Perpetual","8h","0.0317%"
"2021-10-29 01:00:00","BTCUSD Perpetual","8h","0.0284%"
"2021-10-28 17:00:00","BTCUSD Perpetual","8h","0.0476%"
"2021-10-28 09:00:00","BTCUSD Perpetual","8h","0.0115%"
"2021-10-28 01:00:00","BTCUSD Perpetual","8h","0.0100%"
"2021-10-27 17:00:00","BTCUSD Perpetual","8h","0.0100%"
"2021-10-27 09:00:00","BTCUSD Perpetual","8h","0.0100%"
"2021-10-27 01:00:00","BTCUSD Perpetual","8h","0.0100%"
"2021-10-26 17:00:00","BTCUSD Perpetual","8h","0.0100%"
"2021-10-26 09:00:00","BTCUSD Perpetual","8h","0.0260%"
"2021-10-26 01:00:00","BTCUSD Perpetual","8h","0.0345%"
"2021-10-25 17:00:00","BTCUSD Perpetual","8h","0.0254%"
"2021-10-25 09:00:00","BTCUSD Perpetual","8h","0.0100%"
"2021-10-25 01:00:00","BTCUSD Perpetual","8h","0.0203%"
"2021-10-24 17:00:00","BTCUSD Perpetual","8h","0.0254%"
"2021-10-24 09:00:00","BTCUSD Perpetual","8h","0.0100%"
"2021-10-24 01:00:00","BTCUSD Perpetual","8h","0.0200%"
"2021-10-23 17:00:00","BTCUSD Perpetual","8h","0.0158%"
"2021-10-23 09:00:00","BTCUSD Perpetual","8h","0.0100%"
"2021-10-23 01:00:00","BTCUSD Perpetual","8h","0.0100%"
"2021-10-22 17:00:00","BTCUSD Perpetual","8h","0.0125%"
"2021-10-22 09:00:00","BTCUSD Perpetual","8h","0.0167%"
"2021-10-22 01:00:00","BTCUSD Perpetual","8h","0.0100%"
"2021-10-21 17:00:00","BTCUSD Perpetual","8h","0.0100%"
"2021-10-21 09:00:00","BTCUSD Perpetual","8h","0.0651%"
"2021-10-21 01:00:00","BTCUSD Perpetual","8h","0.0456%"
"2021-10-20 17:00:00","BTCUSD Perpetual","8h","0.0597%"
"2021-10-20 09:00:00","BTCUSD Perpetual","8h","0.0714%"
"2021-10-20 01:00:00","BTCUSD Perpetual","8h","0.0151%"
"2021-10-19 17:00:00","BTCUSD Perpetual","8h","0.0145%"
"2021-10-19 09:00:00","BTCUSD Perpetual","8h","0.0100%"
"2021-10-19 01:00:00","BTCUSD Perpetual","8h","0.0213%"
"2021-10-18 17:00:00","BTCUSD Perpetual","8h","0.0100%"
"2021-10-18 09:00:00","BTCUSD Perpetual","8h","0.0100%"
"2021-10-18 01:00:00","BTCUSD Perpetual","8h","0.0358%"
"2021-10-17 17:00:00","BTCUSD Perpetual","8h","0.0425%"
"2021-10-17 09:00:00","BTCUSD Perpetual","8h","0.0325%"
"2021-10-17 01:00:00","BTCUSD Perpetual","8h","0.0236%"
"2021-10-16 17:00:00","BTCUSD Perpetual","8h","0.0329%"
"2021-10-16 09:00:00","BTCUSD Perpetual","8h","0.0472%"
"2021-10-16 01:00:00","BTCUSD Perpetual","8h","0.0329%"
"2021-10-15 17:00:00","BTCUSD Perpetual","8h","0.0456%"
"2021-10-15 09:00:00","BTCUSD Perpetual","8h","0.0229%"
"2021-10-15 01:00:00","BTCUSD Perpetual","8h","0.0442%"
"2021-10-14 17:00:00","BTCUSD Perpetual","8h","0.0100%"
"2021-10-14 09:00:00","BTCUSD Perpetual","8h","0.0236%"
"2021-10-14 01:00:00","BTCUSD Perpetual","8h","0.0367%"
"2021-10-13 17:00:00","BTCUSD Perpetual","8h","0.0195%"
"2021-10-13 09:00:00","BTCUSD Perpetual","8h","0.0100%"
"2021-10-13 01:00:00","BTCUSD Perpetual","8h","0.0100%"
"2021-10-12 17:00:00","BTCUSD Perpetual","8h","0.0100%"
"2021-10-12 09:00:00","BTCUSD Perpetual","8h","0.0100%"
"2021-10-12 01:00:00","BTCUSD Perpetual","8h","0.0100%"
"2021-10-11 17:00:00","BTCUSD Perpetual","8h","0.0100%"
"2021-10-11 09:00:00","BTCUSD Perpetual","8h","0.0100%"
"2021-10-11 01:00:00","BTCUSD Perpetual","8h","0.0219%"
"2021-10-10 17:00:00","BTCUSD Perpetual","8h","0.0100%"
"2021-10-10 09:00:00","BTCUSD Perpetual","8h","0.0100%"
"2021-10-10 01:00:00","BTCUSD Perpetual","8h","0.0221%"
"2021-10-09 17:00:00","BTCUSD Perpetual","8h","0.0100%"
"2021-10-09 09:00:00","BTCUSD Perpetual","8h","0.0175%"
"2021-10-09 01:00:00","BTCUSD Perpetual","8h","0.0100%"
"2021-10-08 17:00:00","BTCUSD Perpetual","8h","0.0100%"
"2021-10-08 09:00:00","BTCUSD Perpetual","8h","0.0100%"
"2021-10-08 01:00:00","BTCUSD Perpetual","8h","0.0100%"
"2021-10-07 17:00:00","BTCUSD Perpetual","8h","0.0100%"
"2021-10-07 09:00:00","BTCUSD Perpetual","8h","0.0100%"
"2021-10-07 01:00:00","BTCUSD Perpetual","8h","0.0100%"
"2021-10-06 17:00:00","BTCUSD Perpetual","8h","0.0100%"
"2021-10-06 09:00:00","BTCUSD Perpetual","8h","0.0100%"
"2021-10-06 01:00:00","BTCUSD Perpetual","8h","0.0100%"
"2021-10-05 17:00:00","BTCUSD Perpetual","8h","0.0100%"
"2021-10-05 09:00:00","BTCUSD Perpetual","8h","0.0100%"
"2021-10-05 01:00:00","BTCUSD Perpetual","8h","0.0100%"
"2021-10-04 17:00:00","BTCUSD Perpetual","8h","0.0100%"
"2021-10-04 09:00:00","BTCUSD Perpetual","8h","0.0100%"
"2021-10-04 01:00:00","BTCUSD Perpetual","8h","0.0100%"
"2021-10-03 17:00:00","BTCUSD Perpetual","8h","0.0100%"
"2021-10-03 09:00:00","BTCUSD Perpetual","8h","0.0100%"
"2021-10-03 01:00:00","BTCUSD Perpetual","8h","0.0100%"
"2021-10-02 17:00:00","BTCUSD Perpetual","8h","0.0100%"
"2021-10-02 09:00:00","BTCUSD Perpetual","8h","0.0100%"
"2021-10-02 01:00:00","BTCUSD Perpetual","8h","0.0100%"
"2021-10-01 17:00:00","BTCUSD Perpetual","8h","0.0100%"
"2021-10-01 09:00:00","BTCUSD Perpetual","8h","0.0100%"
"2021-10-01 01:00:00","BTCUSD Perpetual","8h","0.0094%"
"2021-09-30 17:00:00","BTCUSD Perpetual","8h","0.0100%"
"2021-09-30 09:00:00","BTCUSD Perpetual","8h","0.0100%"
"2021-09-30 01:00:00","BTCUSD Perpetual","8h","0.0100%"
"2021-09-29 17:00:00","BTCUSD Perpetual","8h","-0.0123%"
"2021-09-29 09:00:00","BTCUSD Perpetual","8h","0.0100%"
"2021-09-29 01:00:00","BTCUSD Perpetual","8h","0.0100%"
"2021-09-28 17:00:00","BTCUSD Perpetual","8h","0.0035%"
"2021-09-28 09:00:00","BTCUSD Perpetual","8h","0.0089%"
"2021-09-28 01:00:00","BTCUSD Perpetual","8h","0.0087%"
"2021-09-27 17:00:00","BTCUSD Perpetual","8h","0.0100%"
"2021-09-27 09:00:00","BTCUSD Perpetual","8h","0.0100%"
"2021-09-27 01:00:00","BTCUSD Perpetual","8h","0.0100%"
"2021-09-26 17:00:00","BTCUSD Perpetual","8h","0.0100%"
"2021-09-26 09:00:00","BTCUSD Perpetual","8h","0.0100%"
"2021-09-26 01:00:00","BTCUSD Perpetual","8h","0.0053%"
"2021-09-25 17:00:00","BTCUSD Perpetual","8h","0.0004%"
"2021-09-25 09:00:00","BTCUSD Perpetual","8h","0.0100%"
"2021-09-25 01:00:00","BTCUSD Perpetual","8h","0.0100%"
"2021-09-24 17:00:00","BTCUSD Perpetual","8h","-0.0010%"
"2021-09-24 09:00:00","BTCUSD Perpetual","8h","-0.0064%"
"2021-09-24 01:00:00","BTCUSD Perpetual","8h","0.0095%"
"2021-09-23 17:00:00","BTCUSD Perpetual","8h","-0.0028%"
"2021-09-23 09:00:00","BTCUSD Perpetual","8h","0.0039%"
"2021-09-23 01:00:00","BTCUSD Perpetual","8h","0.0025%"
"2021-09-22 17:00:00","BTCUSD Perpetual","8h","-0.0164%"
"2021-09-22 09:00:00","BTCUSD Perpetual","8h","-0.0124%"
"2021-09-22 01:00:00","BTCUSD Perpetual","8h","-0.0097%"
"2021-09-21 17:00:00","BTCUSD Perpetual","8h","-0.0017%"
"2021-09-21 09:00:00","BTCUSD Perpetual","8h","0.0059%"
"2021-09-21 01:00:00","BTCUSD Perpetual","8h","-0.0106%"
"2021-09-20 17:00:00","BTCUSD Perpetual","8h","0.0100%"
"2021-09-20 09:00:00","BTCUSD Perpetual","8h","0.0100%"
"2021-09-20 01:00:00","BTCUSD Perpetual","8h","0.0100%"
"2021-09-19 17:00:00","BTCUSD Perpetual","8h","0.0100%"
"2021-09-19 09:00:00","BTCUSD Perpetual","8h","0.0100%"
"2021-09-19 01:00:00","BTCUSD Perpetual","8h","0.0043%"
"2021-09-18 17:00:00","BTCUSD Perpetual","8h","0.0100%"
"2021-09-18 09:00:00","BTCUSD Perpetual","8h","0.0100%"
"2021-09-18 01:00:00","BTCUSD Perpetual","8h","0.0100%"
"2021-09-17 17:00:00","BTCUSD Perpetual","8h","0.0035%"
"2021-09-17 09:00:00","BTCUSD Perpetual","8h","0.0100%"
"2021-09-17 01:00:00","BTCUSD Perpetual","8h","0.0100%"
"2021-09-16 17:00:00","BTCUSD Perpetual","8h","0.0100%"
"2021-09-16 09:00:00","BTCUSD Perpetual","8h","0.0100%"
"2021-09-16 01:00:00","BTCUSD Perpetual","8h","0.0100%"
"2021-09-15 17:00:00","BTCUSD Perpetual","8h","0.0100%"
"2021-09-15 09:00:00","BTCUSD Perpetual","8h","-0.0051%"
"2021-09-15 01:00:00","BTCUSD Perpetual","8h","0.0055%"
"2021-09-14 17:00:00","BTCUSD Perpetual","8h","0.0100%"
"2021-09-14 09:00:00","BTCUSD Perpetual","8h","0.0100%"
"2021-09-14 01:00:00","BTCUSD Perpetual","8h","0.0100%"
"2021-09-13 17:00:00","BTCUSD Perpetual","8h","0.0100%"
"2021-09-13 09:00:00","BTCUSD Perpetual","8h","0.0093%"
"2021-09-13 01:00:00","BTCUSD Perpetual","8h","0.0100%"
"2021-09-12 17:00:00","BTCUSD Perpetual","8h","0.0100%"
"2021-09-12 09:00:00","BTCUSD Perpetual","8h","0.0100%"
"2021-09-12 01:00:00","BTCUSD Perpetual","8h","0.0100%"
"2021-09-11 17:00:00","BTCUSD Perpetual","8h","0.0100%"
"2021-09-11 09:00:00","BTCUSD Perpetual","8h","0.0100%"
"2021-09-11 01:00:00","BTCUSD Perpetual","8h","0.0100%"
"2021-09-10 17:00:00","BTCUSD Perpetual","8h","0.0100%"
"2021-09-10 09:00:00","BTCUSD Perpetual","8h","0.0100%"
"2021-09-10 01:00:00","BTCUSD Perpetual","8h","0.0100%"
"2021-09-09 17:00:00","BTCUSD Perpetual","8h","0.0100%"
"2021-09-09 09:00:00","BTCUSD Perpetual","8h","-0.0077%"
"2021-09-09 01:00:00","BTCUSD Perpetual","8h","0.0100%"
"2021-09-08 17:00:00","BTCUSD Perpetual","8h","0.0018%"
"2021-09-08 09:00:00","BTCUSD Perpetual","8h","0.0050%"
"2021-09-08 01:00:00","BTCUSD Perpetual","8h","0.0100%"
"2021-09-07 17:00:00","BTCUSD Perpetual","8h","0.0033%"
"2021-09-07 09:00:00","BTCUSD Perpetual","8h","0.0100%"
"2021-09-07 01:00:00","BTCUSD Perpetual","8h","0.0241%"
"2021-09-06 17:00:00","BTCUSD Perpetual","8h","0.0266%"
"2021-09-06 09:00:00","BTCUSD Perpetual","8h","0.0154%"
"2021-09-06 01:00:00","BTCUSD Perpetual","8h","0.0109%"
"2021-09-05 17:00:00","BTCUSD Perpetual","8h","0.0444%"
"2021-09-05 09:00:00","BTCUSD Perpetual","8h","0.0100%"
"2021-09-05 01:00:00","BTCUSD Perpetual","8h","0.0100%"
"2021-09-04 17:00:00","BTCUSD Perpetual","8h","0.0100%"
"2021-09-04 09:00:00","BTCUSD Perpetual","8h","0.0100%"
"2021-09-04 01:00:00","BTCUSD Perpetual","8h","0.0100%"
"2021-09-03 17:00:00","BTCUSD Perpetual","8h","0.0214%"
"2021-09-03 09:00:00","BTCUSD Perpetual","8h","0.0241%"
"2021-09-03 01:00:00","BTCUSD Perpetual","8h","0.0100%"
"2021-09-02 17:00:00","BTCUSD Perpetual","8h","0.0100%"
"2021-09-02 09:00:00","BTCUSD Perpetual","8h","0.0244%"
"2021-09-02 01:00:00","BTCUSD Perpetual","8h","0.0217%"
"2021-09-01 17:00:00","BTCUSD Perpetual","8h","0.0100%"
"2021-09-01 09:00:00","BTCUSD Perpetual","8h","0.0100%"
"2021-09-01 01:00:00","BTCUSD Perpetual","8h","0.0100%"
"2021-08-31 17:00:00","BTCUSD Perpetual","8h","0.0100%"
"2021-08-31 09:00:00","BTCUSD Perpetual","8h","0.0100%"
"2021-08-31 01:00:00","BTCUSD Perpetual","8h","0.0100%"
"2021-08-30 17:00:00","BTCUSD Perpetual","8h","0.0100%"
"2021-08-30 09:00:00","BTCUSD Perpetual","8h","0.0100%"
"2021-08-30 01:00:00","BTCUSD Perpetual","8h","0.0100%"
"2021-08-29 17:00:00","BTCUSD Perpetual","8h","0.0100%"
"2021-08-29 09:00:00","BTCUSD Perpetual","8h","0.0100%"
"2021-08-29 01:00:00","BTCUSD Perpetual","8h","0.0100%"
"2021-08-28 17:00:00","BTCUSD Perpetual","8h","0.0100%"
"2021-08-28 09:00:00","BTCUSD Perpetual","8h","0.0100%"
"2021-08-28 01:00:00","BTCUSD Perpetual","8h","0.0100%"
"2021-08-27 17:00:00","BTCUSD Perpetual","8h","0.0100%"
"2021-08-27 09:00:00","BTCUSD Perpetual","8h","0.0100%"
"2021-08-27 01:00:00","BTCUSD Perpetual","8h","0.0100%"
"2021-08-26 17:00:00","BTCUSD Perpetual","8h","0.0093%"
"2021-08-26 09:00:00","BTCUSD Perpetual","8h","0.0089%"
"2021-08-26 01:00:00","BTCUSD Perpetual","8h","0.0100%"
"2021-08-25 17:00:00","BTCUSD Perpetual","8h","0.0100%"
"2021-08-25 09:00:00","BTCUSD Perpetual","8h","0.0100%"
"2021-08-25 01:00:00","BTCUSD Perpetual","8h","0.0100%"
"2021-08-24 17:00:00","BTCUSD Perpetual","8h","0.0100%"
"2021-08-24 09:00:00","BTCUSD Perpetual","8h","0.0100%"
"2021-08-24 01:00:00","BTCUSD Perpetual","8h","0.0100%"
"2021-08-23 17:00:00","BTCUSD Perpetual","8h","0.0100%"
"2021-08-23 09:00:00","BTCUSD Perpetual","8h","0.0100%"
"2021-08-23 01:00:00","BTCUSD Perpetual","8h","0.0100%"
"2021-08-22 17:00:00","BTCUSD Perpetual","8h","0.0100%"
"2021-08-22 09:00:00","BTCUSD Perpetual","8h","0.0100%"
"2021-08-22 01:00:00","BTCUSD Perpetual","8h","0.0100%"
"2021-08-21 17:00:00","BTCUSD Perpetual","8h","0.0100%"
"2021-08-21 09:00:00","BTCUSD Perpetual","8h","0.0100%"
"2021-08-21 01:00:00","BTCUSD Perpetual","8h","0.0100%"
"2021-08-20 17:00:00","BTCUSD Perpetual","8h","0.0100%"
"2021-08-20 09:00:00","BTCUSD Perpetual","8h","0.0100%"
"2021-08-20 01:00:00","BTCUSD Perpetual","8h","0.0100%"
"2021-08-19 17:00:00","BTCUSD Perpetual","8h","0.0100%"
"2021-08-19 09:00:00","BTCUSD Perpetual","8h","0.0100%"
"2021-08-19 01:00:00","BTCUSD Perpetual","8h","0.0100%"
"2021-08-18 17:00:00","BTCUSD Perpetual","8h","0.0100%"
"2021-08-18 09:00:00","BTCUSD Perpetual","8h","0.0100%"
"2021-08-18 01:00:00","BTCUSD Perpetual","8h","0.0062%"
"2021-08-17 17:00:00","BTCUSD Perpetual","8h","0.0100%"
"2021-08-17 09:00:00","BTCUSD Perpetual","8h","0.0100%"
"2021-08-17 01:00:00","BTCUSD Perpetual","8h","0.0100%"
"2021-08-16 17:00:00","BTCUSD Perpetual","8h","0.0100%"
"2021-08-16 09:00:00","BTCUSD Perpetual","8h","0.0100%"
"2021-08-16 01:00:00","BTCUSD Perpetual","8h","0.0100%"
"2021-08-15 17:00:00","BTCUSD Perpetual","8h","0.0100%"
"2021-08-15 09:00:00","BTCUSD Perpetual","8h","0.0005%"
"2021-08-15 01:00:00","BTCUSD Perpetual","8h","0.0100%"
"2021-08-14 17:00:00","BTCUSD Perpetual","8h","0.0077%"
"2021-08-14 09:00:00","BTCUSD Perpetual","8h","-0.0145%"
"2021-08-14 01:00:00","BTCUSD Perpetual","8h","0.0100%"
"2021-08-13 17:00:00","BTCUSD Perpetual","8h","0.0100%"
"2021-08-13 09:00:00","BTCUSD Perpetual","8h","0.0100%"
"2021-08-13 01:00:00","BTCUSD Perpetual","8h","0.0100%"
"2021-08-12 17:00:00","BTCUSD Perpetual","8h","0.0050%"
"2021-08-12 09:00:00","BTCUSD Perpetual","8h","0.0100%"
"2021-08-12 01:00:00","BTCUSD Perpetual","8h","-0.0081%"
"2021-08-11 17:00:00","BTCUSD Perpetual","8h","0.0100%"
"2021-08-11 09:00:00","BTCUSD Perpetual","8h","0.0100%"
"2021-08-11 01:00:00","BTCUSD Perpetual","8h","0.0100%"
"2021-08-10 17:00:00","BTCUSD Perpetual","8h","0.0100%"
"2021-08-10 09:00:00","BTCUSD Perpetual","8h","0.0100%"
"2021-08-10 01:00:00","BTCUSD Perpetual","8h","0.0100%"
"2021-08-09 17:00:00","BTCUSD Perpetual","8h","0.0100%"
"2021-08-09 09:00:00","BTCUSD Perpetual","8h","0.0100%"
"2021-08-09 01:00:00","BTCUSD Perpetual","8h","0.0100%"
"2021-08-08 17:00:00","BTCUSD Perpetual","8h","0.0100%"
"2021-08-08 09:00:00","BTCUSD Perpetual","8h","0.0100%"
"2021-08-08 01:00:00","BTCUSD Perpetual","8h","0.0100%"
"2021-08-07 17:00:00","BTCUSD Perpetual","8h","0.0100%"
"2021-08-07 09:00:00","BTCUSD Perpetual","8h","0.0100%"
"2021-08-07 01:00:00","BTCUSD Perpetual","8h","0.0100%"
"2021-08-06 17:00:00","BTCUSD Perpetual","8h","0.0100%"
"2021-08-06 09:00:00","BTCUSD Perpetual","8h","0.0100%"
"2021-08-06 01:00:00","BTCUSD Perpetual","8h","0.0100%"
"2021-08-05 17:00:00","BTCUSD Perpetual","8h","0.0100%"
"2021-08-05 09:00:00","BTCUSD Perpetual","8h","0.0026%"
"2021-08-05 01:00:00","BTCUSD Perpetual","8h","0.0100%"
"2021-08-04 17:00:00","BTCUSD Perpetual","8h","0.0100%"
"2021-08-04 09:00:00","BTCUSD Perpetual","8h","0.0038%"
"2021-08-04 01:00:00","BTCUSD Perpetual","8h","0.0100%"
"2021-08-03 17:00:00","BTCUSD Perpetual","8h","0.0100%"
"2021-08-03 09:00:00","BTCUSD Perpetual","8h","0.0100%"
"2021-08-03 01:00:00","BTCUSD Perpetual","8h","0.0012%"
"2021-08-02 17:00:00","BTCUSD Perpetual","8h","0.0099%"
"2021-08-02 09:00:00","BTCUSD Perpetual","8h","-0.0039%"
"2021-08-02 01:00:00","BTCUSD Perpetual","8h","-0.0037%"
"2021-08-01 17:00:00","BTCUSD Perpetual","8h","-0.0049%"
"2021-08-01 09:00:00","BTCUSD Perpetual","8h","0.0100%"
"2021-08-01 01:00:00","BTCUSD Perpetual","8h","0.0087%"
"2021-07-31 17:00:00","BTCUSD Perpetual","8h","0.0024%"
"2021-07-31 09:00:00","BTCUSD Perpetual","8h","0.0100%"
"2021-07-31 01:00:00","BTCUSD Perpetual","8h","0.0100%"
"2021-07-30 17:00:00","BTCUSD Perpetual","8h","0.0100%"
"2021-07-30 09:00:00","BTCUSD Perpetual","8h","-0.0072%"
"2021-07-30 01:00:00","BTCUSD Perpetual","8h","0.0100%"
"2021-07-29 17:00:00","BTCUSD Perpetual","8h","0.0100%"
"2021-07-29 09:00:00","BTCUSD Perpetual","8h","0.0100%"
"2021-07-29 01:00:00","BTCUSD Perpetual","8h","0.0100%"
"2021-07-28 17:00:00","BTCUSD Perpetual","8h","0.0100%"
"2021-07-28 09:00:00","BTCUSD Perpetual","8h","0.0100%"
"2021-07-28 01:00:00","BTCUSD Perpetual","8h","0.0100%"
"2021-07-27 17:00:00","BTCUSD Perpetual","8h","0.0100%"
"2021-07-27 09:00:00","BTCUSD Perpetual","8h","0.0012%"
"2021-07-27 01:00:00","BTCUSD Perpetual","8h","-0.0110%"
"2021-07-26 17:00:00","BTCUSD Perpetual","8h","0.0100%"
"2021-07-26 09:00:00","BTCUSD Perpetual","8h","0.0100%"
"2021-07-26 01:00:00","BTCUSD Perpetual","8h","0.0100%"
"2021-07-25 17:00:00","BTCUSD Perpetual","8h","-0.0162%"
"2021-07-25 09:00:00","BTCUSD Perpetual","8h","0.0032%"
"2021-07-25 01:00:00","BTCUSD Perpetual","8h","-0.0051%"
"2021-07-24 17:00:00","BTCUSD Perpetual","8h","-0.0196%"
"2021-07-24 09:00:00","BTCUSD Perpetual","8h","-0.0123%"
"2021-07-24 01:00:00","BTCUSD Perpetual","8h","-0.0226%"
"2021-07-23 17:00:00","BTCUSD Perpetual","8h","-0.0159%"
"2021-07-23 09:00:00","BTCUSD Perpetual","8h","0.0060%"
"2021-07-23 01:00:00","BTCUSD Perpetual","8h","0.0028%"
"2021-07-22 17:00:00","BTCUSD Perpetual","8h","0.0075%"
"2021-07-22 09:00:00","BTCUSD Perpetual","8h","0.0100%"
"2021-07-22 01:00:00","BTCUSD Perpetual","8h","-0.0041%"
"2021-07-21 17:00:00","BTCUSD Perpetual","8h","0.0040%"
"2021-07-21 09:00:00","BTCUSD Perpetual","8h","-0.0026%"
"2021-07-21 01:00:00","BTCUSD Perpetual","8h","-0.0099%"
"2021-07-20 17:00:00","BTCUSD Perpetual","8h","-0.0141%"
"2021-07-20 09:00:00","BTCUSD Perpetual","8h","-0.0214%"
"2021-07-20 01:00:00","BTCUSD Perpetual","8h","-0.0169%"
"2021-07-19 17:00:00","BTCUSD Perpetual","8h","-0.0211%"
"2021-07-19 09:00:00","BTCUSD Perpetual","8h","-0.0091%"
"2021-07-19 01:00:00","BTCUSD Perpetual","8h","0.0086%"
"2021-07-18 17:00:00","BTCUSD Perpetual","8h","-0.0005%"
"2021-07-18 09:00:00","BTCUSD Perpetual","8h","-0.0098%"
"2021-07-18 01:00:00","BTCUSD Perpetual","8h","0.0100%"
"2021-07-17 17:00:00","BTCUSD Perpetual","8h","0.0064%"
"2021-07-17 09:00:00","BTCUSD Perpetual","8h","-0.0073%"
"2021-07-17 01:00:00","BTCUSD Perpetual","8h","-0.0142%"
"2021-07-16 17:00:00","BTCUSD Perpetual","8h","-0.0024%"
"2021-07-16 09:00:00","BTCUSD Perpetual","8h","0.0100%"
"2021-07-16 01:00:00","BTCUSD Perpetual","8h","0.0100%"
"2021-07-15 17:00:00","BTCUSD Perpetual","8h","-0.0108%"
"2021-07-15 09:00:00","BTCUSD Perpetual","8h","-0.0123%"
"2021-07-15 01:00:00","BTCUSD Perpetual","8h","0.0100%"
"2021-07-14 17:00:00","BTCUSD Perpetual","8h","-0.0009%"
"2021-07-14 09:00:00","BTCUSD Perpetual","8h","-0.0060%"
"2021-07-14 01:00:00","BTCUSD Perpetual","8h","-0.0194%"
"2021-07-13 17:00:00","BTCUSD Perpetual","8h","0.0047%"
"2021-07-13 09:00:00","BTCUSD Perpetual","8h","-0.0161%"
"2021-07-13 01:00:00","BTCUSD Perpetual","8h","0.0074%"
"2021-07-12 17:00:00","BTCUSD Perpetual","8h","-0.0113%"
"2021-07-12 09:00:00","BTCUSD Perpetual","8h","0.0087%"
"2021-07-12 01:00:00","BTCUSD Perpetual","8h","0.0100%"
"2021-07-11 17:00:00","BTCUSD Perpetual","8h","0.0100%"
"2021-07-11 09:00:00","BTCUSD Perpetual","8h","0.0100%"
"2021-07-11 01:00:00","BTCUSD Perpetual","8h","0.0100%"
"2021-07-10 17:00:00","BTCUSD Perpetual","8h","0.0031%"
"2021-07-10 09:00:00","BTCUSD Perpetual","8h","0.0100%"
"2021-07-10 01:00:00","BTCUSD Perpetual","8h","0.0100%"
"2021-07-09 17:00:00","BTCUSD Perpetual","8h","0.0100%"
"2021-07-09 09:00:00","BTCUSD Perpetual","8h","0.0084%"
"2021-07-09 01:00:00","BTCUSD Perpetual","8h","0.0060%"
"2021-07-08 17:00:00","BTCUSD Perpetual","8h","0.0100%"
"2021-07-08 09:00:00","BTCUSD Perpetual","8h","-0.0072%"
"2021-07-08 01:00:00","BTCUSD Perpetual","8h","-0.0078%"
"2021-07-07 17:00:00","BTCUSD Perpetual","8h","-0.0117%"
"2021-07-07 09:00:00","BTCUSD Perpetual","8h","0.0100%"
"2021-07-07 01:00:00","BTCUSD Perpetual","8h","0.0100%"
"2021-07-06 17:00:00","BTCUSD Perpetual","8h","-0.0095%"
"2021-07-06 09:00:00","BTCUSD Perpetual","8h","-0.0047%"
"2021-07-06 01:00:00","BTCUSD Perpetual","8h","0.0100%"
"2021-07-05 17:00:00","BTCUSD Perpetual","8h","-0.0013%"
"2021-07-05 09:00:00","BTCUSD Perpetual","8h","-0.0273%"
"2021-07-05 01:00:00","BTCUSD Perpetual","8h","0.0064%"
"2021-07-04 17:00:00","BTCUSD Perpetual","8h","0.0100%"
"2021-07-04 09:00:00","BTCUSD Perpetual","8h","0.0072%"
"2021-07-04 01:00:00","BTCUSD Perpetual","8h","0.0048%"
"2021-07-03 17:00:00","BTCUSD Perpetual","8h","0.0100%"
"2021-07-03 09:00:00","BTCUSD Perpetual","8h","0.0070%"
"2021-07-03 01:00:00","BTCUSD Perpetual","8h","0.0100%"
"2021-07-02 17:00:00","BTCUSD Perpetual","8h","-0.0086%"
"2021-07-02 09:00:00","BTCUSD Perpetual","8h","0.0046%"
"2021-07-02 01:00:00","BTCUSD Perpetual","8h","0.0068%"
"2021-07-01 17:00:00","BTCUSD Perpetual","8h","-0.0004%"
"2021-07-01 09:00:00","BTCUSD Perpetual","8h","-0.0082%"
"2021-07-01 01:00:00","BTCUSD Perpetual","8h","0.0098%"
"2021-06-30 17:00:00","BTCUSD Perpetual","8h","0.0040%"
"2021-06-30 09:00:00","BTCUSD Perpetual","8h","0.0047%"
"2021-06-30 01:00:00","BTCUSD Perpetual","8h","0.0100%"
"2021-06-29 17:00:00","BTCUSD Perpetual","8h","0.0100%"
"2021-06-29 09:00:00","BTCUSD Perpetual","8h","0.0080%"
"2021-06-29 01:00:00","BTCUSD Perpetual","8h","0.0100%"
"2021-06-28 17:00:00","BTCUSD Perpetual","8h","0.0100%"
"2021-06-28 09:00:00","BTCUSD Perpetual","8h","0.0100%"
"2021-06-28 01:00:00","BTCUSD Perpetual","8h","0.0100%"
"2021-06-27 17:00:00","BTCUSD Perpetual","8h","0.0036%"
"2021-06-27 09:00:00","BTCUSD Perpetual","8h","-0.0258%"
"2021-06-27 01:00:00","BTCUSD Perpetual","8h","-0.0370%"
"2021-06-26 17:00:00","BTCUSD Perpetual","8h","-0.0104%"
"2021-06-26 09:00:00","BTCUSD Perpetual","8h","-0.0110%"
"2021-06-26 01:00:00","BTCUSD Perpetual","8h","-0.0233%"
"2021-06-25 17:00:00","BTCUSD Perpetual","8h","-0.0283%"
"2021-06-25 09:00:00","BTCUSD Perpetual","8h","0.0055%"
"2021-06-25 01:00:00","BTCUSD Perpetual","8h","0.0055%"
"2021-06-24 17:00:00","BTCUSD Perpetual","8h","0.0080%"
"2021-06-24 09:00:00","BTCUSD Perpetual","8h","-0.0124%"
"2021-06-24 01:00:00","BTCUSD Perpetual","8h","-0.0121%"
"2021-06-23 17:00:00","BTCUSD Perpetual","8h","-0.0066%"
"2021-06-23 09:00:00","BTCUSD Perpetual","8h","-0.0096%"
"2021-06-23 01:00:00","BTCUSD Perpetual","8h","-0.0044%"
"2021-06-22 17:00:00","BTCUSD Perpetual","8h","-0.0079%"
"2021-06-22 09:00:00","BTCUSD Perpetual","8h","-0.0473%"
"2021-06-22 01:00:00","BTCUSD Perpetual","8h","0.0076%"
"2021-06-21 17:00:00","BTCUSD Perpetual","8h","-0.0140%"
"2021-06-21 09:00:00","BTCUSD Perpetual","8h","-0.0151%"
"2021-06-21 01:00:00","BTCUSD Perpetual","8h","-0.0291%"
"2021-06-20 17:00:00","BTCUSD Perpetual","8h","0.0100%"
"2021-06-20 09:00:00","BTCUSD Perpetual","8h","-0.0352%"
"2021-06-20 01:00:00","BTCUSD Perpetual","8h","0.0054%"
"2021-06-19 17:00:00","BTCUSD Perpetual","8h","-0.0035%"
"2021-06-19 09:00:00","BTCUSD Perpetual","8h","-0.0192%"
"2021-06-19 01:00:00","BTCUSD Perpetual","8h","-0.0266%"
"2021-06-18 17:00:00","BTCUSD Perpetual","8h","-0.0234%"
"2021-06-18 09:00:00","BTCUSD Perpetual","8h","-0.0050%"
"2021-06-18 01:00:00","BTCUSD Perpetual","8h","-0.0204%"
"2021-06-17 17:00:00","BTCUSD Perpetual","8h","-0.0352%"
"2021-06-17 09:00:00","BTCUSD Perpetual","8h","0.0100%"
"2021-06-17 01:00:00","BTCUSD Perpetual","8h","-0.0068%"
"2021-06-16 17:00:00","BTCUSD Perpetual","8h","-0.0240%"
"2021-06-16 09:00:00","BTCUSD Perpetual","8h","0.0018%"
"2021-06-16 01:00:00","BTCUSD Perpetual","8h","0.0000%"
"2021-06-15 17:00:00","BTCUSD Perpetual","8h","-0.0183%"
"2021-06-15 09:00:00","BTCUSD Perpetual","8h","0.0100%"
"2021-06-15 01:00:00","BTCUSD Perpetual","8h","0.0100%"
"2021-06-14 17:00:00","BTCUSD Perpetual","8h","-0.0006%"
"2021-06-14 09:00:00","BTCUSD Perpetual","8h","0.0100%"
"2021-06-14 01:00:00","BTCUSD Perpetual","8h","0.0100%"
"2021-06-13 17:00:00","BTCUSD Perpetual","8h","0.0100%"
"2021-06-13 09:00:00","BTCUSD Perpetual","8h","-0.0014%"
"2021-06-13 01:00:00","BTCUSD Perpetual","8h","-0.0099%"
"2021-06-12 17:00:00","BTCUSD Perpetual","8h","0.0073%"
"2021-06-12 09:00:00","BTCUSD Perpetual","8h","-0.0106%"
"2021-06-12 01:00:00","BTCUSD Perpetual","8h","-0.0052%"
"2021-06-11 17:00:00","BTCUSD Perpetual","8h","0.0046%"
"2021-06-11 09:00:00","BTCUSD Perpetual","8h","0.0100%"
"2021-06-11 01:00:00","BTCUSD Perpetual","8h","0.0100%"
"2021-06-10 17:00:00","BTCUSD Perpetual","8h","0.0100%"
"2021-06-10 09:00:00","BTCUSD Perpetual","8h","0.0049%"
"2021-06-10 01:00:00","BTCUSD Perpetual","8h","0.0100%"
"2021-06-09 17:00:00","BTCUSD Perpetual","8h","0.0100%"
"2021-06-09 09:00:00","BTCUSD Perpetual","8h","-0.0039%"
"2021-06-09 01:00:00","BTCUSD Perpetual","8h","-0.0081%"
"2021-06-08 17:00:00","BTCUSD Perpetual","8h","-0.0065%"
"2021-06-08 09:00:00","BTCUSD Perpetual","8h","0.0100%"
"2021-06-08 01:00:00","BTCUSD Perpetual","8h","-0.0222%"
"2021-06-07 17:00:00","BTCUSD Perpetual","8h","-0.0155%"
"2021-06-07 09:00:00","BTCUSD Perpetual","8h","0.0100%"
"2021-06-07 01:00:00","BTCUSD Perpetual","8h","0.0100%"
"2021-06-06 17:00:00","BTCUSD Perpetual","8h","0.0100%"
"2021-06-06 09:00:00","BTCUSD Perpetual","8h","0.0100%"
"2021-06-06 01:00:00","BTCUSD Perpetual","8h","0.0100%"
"2021-06-05 17:00:00","BTCUSD Perpetual","8h","0.0100%"
"2021-06-05 09:00:00","BTCUSD Perpetual","8h","0.0100%"
"2021-06-05 01:00:00","BTCUSD Perpetual","8h","0.0100%"
"2021-06-04 17:00:00","BTCUSD Perpetual","8h","-0.0037%"
"2021-06-04 09:00:00","BTCUSD Perpetual","8h","-0.0096%"
"2021-06-04 01:00:00","BTCUSD Perpetual","8h","0.0100%"
"2021-06-03 17:00:00","BTCUSD Perpetual","8h","0.0024%"
"2021-06-03 09:00:00","BTCUSD Perpetual","8h","0.0076%"
"2021-06-03 01:00:00","BTCUSD Perpetual","8h","0.0017%"
"2021-06-02 17:00:00","BTCUSD Perpetual","8h","0.0100%"
"2021-06-02 09:00:00","BTCUSD Perpetual","8h","0.0100%"
"2021-06-02 01:00:00","BTCUSD Perpetual","8h","0.0100%"
"2021-06-01 17:00:00","BTCUSD Perpetual","8h","-0.0061%"
"2021-06-01 09:00:00","BTCUSD Perpetual","8h","0.0100%"
"2021-06-01 01:00:00","BTCUSD Perpetual","8h","0.0100%"
"2021-05-31 17:00:00","BTCUSD Perpetual","8h","0.0100%"
"2021-05-31 09:00:00","BTCUSD Perpetual","8h","0.0100%"
"2021-05-31 01:00:00","BTCUSD Perpetual","8h","-0.0183%"
"2021-05-30 17:00:00","BTCUSD Perpetual","8h","0.0100%"
"2021-05-30 09:00:00","BTCUSD Perpetual","8h","0.0100%"
"2021-05-30 01:00:00","BTCUSD Perpetual","8h","-0.0078%"
"2021-05-29 17:00:00","BTCUSD Perpetual","8h","0.0036%"
"2021-05-29 09:00:00","BTCUSD Perpetual","8h","0.0100%"
"2021-05-29 01:00:00","BTCUSD Perpetual","8h","0.0100%"
"2021-05-28 17:00:00","BTCUSD Perpetual","8h","-0.0012%"
"2021-05-28 09:00:00","BTCUSD Perpetual","8h","-0.0072%"
"2021-05-28 01:00:00","BTCUSD Perpetual","8h","-0.0113%"
"2021-05-27 17:00:00","BTCUSD Perpetual","8h","-0.0038%"
"2021-05-27 09:00:00","BTCUSD Perpetual","8h","0.0100%"
"2021-05-27 01:00:00","BTCUSD Perpetual","8h","-0.0251%"
"2021-05-26 17:00:00","BTCUSD Perpetual","8h","-0.0298%"
"2021-05-26 09:00:00","BTCUSD Perpetual","8h","0.0100%"
"2021-05-26 01:00:00","BTCUSD Perpetual","8h","0.0100%"
"2021-05-25 17:00:00","BTCUSD Perpetual","8h","0.0022%"
"2021-05-25 09:00:00","BTCUSD Perpetual","8h","-0.0031%"
"2021-05-25 01:00:00","BTCUSD Perpetual","8h","-0.0063%"
"2021-05-24 17:00:00","BTCUSD Perpetual","8h","-0.0028%"
"2021-05-24 09:00:00","BTCUSD Perpetual","8h","0.0100%"
"2021-05-24 01:00:00","BTCUSD Perpetual","8h","0.0045%"
"2021-05-23 17:00:00","BTCUSD Perpetual","8h","-0.0235%"
"2021-05-23 09:00:00","BTCUSD Perpetual","8h","0.0073%"
"2021-05-23 01:00:00","BTCUSD Perpetual","8h","0.0039%"
"2021-05-22 17:00:00","BTCUSD Perpetual","8h","-0.0107%"
"2021-05-22 09:00:00","BTCUSD Perpetual","8h","0.0100%"
"2021-05-22 01:00:00","BTCUSD Perpetual","8h","0.0090%"
"2021-05-21 17:00:00","BTCUSD Perpetual","8h","-0.0121%"
"2021-05-21 09:00:00","BTCUSD Perpetual","8h","-0.0438%"
"2021-05-21 01:00:00","BTCUSD Perpetual","8h","-0.0017%"
"2021-05-20 17:00:00","BTCUSD Perpetual","8h","-0.0373%"
"2021-05-20 09:00:00","BTCUSD Perpetual","8h","-0.0612%"
"2021-05-20 01:00:00","BTCUSD Perpetual","8h","0.0025%"
"2021-05-19 17:00:00","BTCUSD Perpetual","8h","0.0100%"
"2021-05-19 09:00:00","BTCUSD Perpetual","8h","-0.3000%"
"2021-05-19 01:00:00","BTCUSD Perpetual","8h","0.0100%"
"2021-05-18 17:00:00","BTCUSD Perpetual","8h","0.0100%"
"2021-05-18 09:00:00","BTCUSD Perpetual","8h","0.0100%"
"2021-05-18 01:00:00","BTCUSD Perpetual","8h","0.0100%"
"2021-05-17 17:00:00","BTCUSD Perpetual","8h","0.0100%"
"2021-05-17 09:00:00","BTCUSD Perpetual","8h","0.0100%"
"2021-05-17 01:00:00","BTCUSD Perpetual","8h","0.0100%"
"2021-05-16 17:00:00","BTCUSD Perpetual","8h","0.0100%"
"2021-05-16 09:00:00","BTCUSD Perpetual","8h","0.0100%"
"2021-05-16 01:00:00","BTCUSD Perpetual","8h","0.0108%"
"2021-05-15 17:00:00","BTCUSD Perpetual","8h","0.0100%"
"2021-05-15 09:00:00","BTCUSD Perpetual","8h","0.0100%"
"2021-05-15 01:00:00","BTCUSD Perpetual","8h","0.0100%"
"2021-05-14 17:00:00","BTCUSD Perpetual","8h","0.0100%"
"2021-05-14 09:00:00","BTCUSD Perpetual","8h","0.0100%"
"2021-05-14 01:00:00","BTCUSD Perpetual","8h","0.0100%"
"2021-05-13 17:00:00","BTCUSD Perpetual","8h","0.0100%"
"2021-05-13 09:00:00","BTCUSD Perpetual","8h","0.0100%"
"2021-05-13 01:00:00","BTCUSD Perpetual","8h","-0.0094%"
"2021-05-12 17:00:00","BTCUSD Perpetual","8h","0.0100%"
"2021-05-12 09:00:00","BTCUSD Perpetual","8h","0.0100%"
"2021-05-12 01:00:00","BTCUSD Perpetual","8h","0.0350%"
"2021-05-11 17:00:00","BTCUSD Perpetual","8h","0.0100%"
"2021-05-11 09:00:00","BTCUSD Perpetual","8h","0.0149%"
"2021-05-11 01:00:00","BTCUSD Perpetual","8h","0.0132%"
"2021-05-10 17:00:00","BTCUSD Perpetual","8h","0.0100%"
"2021-05-10 09:00:00","BTCUSD Perpetual","8h","0.0100%"
"2021-05-10 01:00:00","BTCUSD Perpetual","8h","0.0573%"
"2021-05-09 17:00:00","BTCUSD Perpetual","8h","0.0100%"
"2021-05-09 09:00:00","BTCUSD Perpetual","8h","0.0172%"
"2021-05-09 01:00:00","BTCUSD Perpetual","8h","0.0404%"
"2021-05-08 17:00:00","BTCUSD Perpetual","8h","0.0321%"
"2021-05-08 09:00:00","BTCUSD Perpetual","8h","0.0304%"
"2021-05-08 01:00:00","BTCUSD Perpetual","8h","0.0348%"
"2021-05-07 17:00:00","BTCUSD Perpetual","8h","0.0337%"
"2021-05-07 09:00:00","BTCUSD Perpetual","8h","0.0100%"
"2021-05-07 01:00:00","BTCUSD Perpetual","8h","0.0100%"
"2021-05-06 17:00:00","BTCUSD Perpetual","8h","0.0100%"
"2021-05-06 09:00:00","BTCUSD Perpetual","8h","0.0591%"
"2021-05-06 01:00:00","BTCUSD Perpetual","8h","0.0372%"
"2021-05-05 17:00:00","BTCUSD Perpetual","8h","0.0532%"
"2021-05-05 09:00:00","BTCUSD Perpetual","8h","0.0100%"
"2021-05-05 01:00:00","BTCUSD Perpetual","8h","0.0257%"
"2021-05-04 17:00:00","BTCUSD Perpetual","8h","0.0100%"
"2021-05-04 09:00:00","BTCUSD Perpetual","8h","0.0100%"
"2021-05-04 01:00:00","BTCUSD Perpetual","8h","0.0100%"
"2021-05-03 17:00:00","BTCUSD Perpetual","8h","0.0100%"
"2021-05-03 09:00:00","BTCUSD Perpetual","8h","0.0470%"
"2021-05-03 01:00:00","BTCUSD Perpetual","8h","0.0560%"
"2021-05-02 17:00:00","BTCUSD Perpetual","8h","0.0267%"
"2021-05-02 09:00:00","BTCUSD Perpetual","8h","0.0341%"
"2021-05-02 01:00:00","BTCUSD Perpetual","8h","0.0345%"
"2021-05-01 17:00:00","BTCUSD Perpetual","8h","0.0236%"
"2021-05-01 09:00:00","BTCUSD Perpetual","8h","0.0381%"
"2021-05-01 01:00:00","BTCUSD Perpetual","8h","0.0127%"
"2021-04-30 17:00:00","BTCUSD Perpetual","8h","0.0100%"
"2021-04-30 09:00:00","BTCUSD Perpetual","8h","0.0100%"
"2021-04-30 01:00:00","BTCUSD Perpetual","8h","0.0100%"
"2021-04-29 17:00:00","BTCUSD Perpetual","8h","0.0100%"
"2021-04-29 09:00:00","BTCUSD Perpetual","8h","0.0100%"
"2021-04-29 01:00:00","BTCUSD Perpetual","8h","0.0100%"
"2021-04-28 17:00:00","BTCUSD Perpetual","8h","0.0100%"
"2021-04-28 09:00:00","BTCUSD Perpetual","8h","0.0100%"
"2021-04-28 01:00:00","BTCUSD Perpetual","8h","0.0100%"
"2021-04-27 17:00:00","BTCUSD Perpetual","8h","0.0100%"
"2021-04-27 09:00:00","BTCUSD Perpetual","8h","0.0100%"
"2021-04-27 01:00:00","BTCUSD Perpetual","8h","0.0067%"
"2021-04-26 17:00:00","BTCUSD Perpetual","8h","0.0100%"
"2021-04-26 09:00:00","BTCUSD Perpetual","8h","0.0100%"
"2021-04-26 01:00:00","BTCUSD Perpetual","8h","0.0035%"
"2021-04-25 17:00:00","BTCUSD Perpetual","8h","0.0100%"
"2021-04-25 09:00:00","BTCUSD Perpetual","8h","0.0100%"
"2021-04-25 01:00:00","BTCUSD Perpetual","8h","0.0100%"
"2021-04-24 17:00:00","BTCUSD Perpetual","8h","0.0100%"
"2021-04-24 09:00:00","BTCUSD Perpetual","8h","0.0100%"
"2021-04-24 01:00:00","BTCUSD Perpetual","8h","0.0100%"
"2021-04-23 17:00:00","BTCUSD Perpetual","8h","0.0049%"
"2021-04-23 09:00:00","BTCUSD Perpetual","8h","0.0092%"
"2021-04-23 01:00:00","BTCUSD Perpetual","8h","0.0100%"
"2021-04-22 17:00:00","BTCUSD Perpetual","8h","0.0100%"
"2021-04-22 09:00:00","BTCUSD Perpetual","8h","0.0315%"
"2021-04-22 01:00:00","BTCUSD Perpetual","8h","0.0156%"
"2021-04-21 17:00:00","BTCUSD Perpetual","8h","0.0100%"
"2021-04-21 09:00:00","BTCUSD Perpetual","8h","0.0100%"
"2021-04-21 01:00:00","BTCUSD Perpetual","8h","0.0100%"
"2021-04-20 17:00:00","BTCUSD Perpetual","8h","0.0100%"
"2021-04-20 09:00:00","BTCUSD Perpetual","8h","0.0100%"
"2021-04-20 01:00:00","BTCUSD Perpetual","8h","0.0100%"
"2021-04-19 17:00:00","BTCUSD Perpetual","8h","0.0100%"
"2021-04-19 09:00:00","BTCUSD Perpetual","8h","0.0100%"
"2021-04-19 01:00:00","BTCUSD Perpetual","8h","0.0100%"
"2021-04-18 17:00:00","BTCUSD Perpetual","8h","0.0100%"
"2021-04-18 09:00:00","BTCUSD Perpetual","8h","0.0100%"
"2021-04-18 01:00:00","BTCUSD Perpetual","8h","-0.0460%"
"2021-04-17 17:00:00","BTCUSD Perpetual","8h","0.0485%"
"2021-04-17 09:00:00","BTCUSD Perpetual","8h","0.0514%"
"2021-04-17 01:00:00","BTCUSD Perpetual","8h","0.0427%"
"2021-04-16 17:00:00","BTCUSD Perpetual","8h","0.0229%"
"2021-04-16 09:00:00","BTCUSD Perpetual","8h","0.0100%"
"2021-04-16 01:00:00","BTCUSD Perpetual","8h","0.0584%"
"2021-04-15 17:00:00","BTCUSD Perpetual","8h","0.0855%"
"2021-04-15 09:00:00","BTCUSD Perpetual","8h","0.0727%"
"2021-04-15 01:00:00","BTCUSD Perpetual","8h","0.0671%"
"2021-04-14 17:00:00","BTCUSD Perpetual","8h","0.0479%"
"2021-04-14 09:00:00","BTCUSD Perpetual","8h","0.1243%"
"2021-04-14 01:00:00","BTCUSD Perpetual","8h","0.1052%"
"2021-04-13 17:00:00","BTCUSD Perpetual","8h","0.0958%"
"2021-04-13 09:00:00","BTCUSD Perpetual","8h","0.0938%"
"2021-04-13 01:00:00","BTCUSD Perpetual","8h","0.1103%"
"2021-04-12 17:00:00","BTCUSD Perpetual","8h","0.0909%"
"2021-04-12 09:00:00","BTCUSD Perpetual","8h","0.0697%"
"2021-04-12 01:00:00","BTCUSD Perpetual","8h","0.1216%"
"2021-04-11 17:00:00","BTCUSD Perpetual","8h","0.1075%"
"2021-04-11 09:00:00","BTCUSD Perpetual","8h","0.1102%"
"2021-04-11 01:00:00","BTCUSD Perpetual","8h","0.1146%"
"2021-04-10 17:00:00","BTCUSD Perpetual","8h","0.0672%"
"2021-04-10 09:00:00","BTCUSD Perpetual","8h","0.1066%"
"2021-04-10 01:00:00","BTCUSD Perpetual","8h","0.1860%"
"2021-04-09 17:00:00","BTCUSD Perpetual","8h","0.0335%"
"2021-04-09 09:00:00","BTCUSD Perpetual","8h","0.0352%"
"2021-04-09 01:00:00","BTCUSD Perpetual","8h","0.0366%"
"2021-04-08 17:00:00","BTCUSD Perpetual","8h","0.0376%"
"2021-04-08 09:00:00","BTCUSD Perpetual","8h","0.0298%"
"2021-04-08 01:00:00","BTCUSD Perpetual","8h","0.0146%"
"2021-04-07 17:00:00","BTCUSD Perpetual","8h","0.0334%"
"2021-04-07 09:00:00","BTCUSD Perpetual","8h","0.0221%"
"2021-04-07 01:00:00","BTCUSD Perpetual","8h","0.0425%"
"2021-04-06 17:00:00","BTCUSD Perpetual","8h","0.0369%"
"2021-04-06 09:00:00","BTCUSD Perpetual","8h","0.0691%"
"2021-04-06 01:00:00","BTCUSD Perpetual","8h","0.0680%"
"2021-04-05 17:00:00","BTCUSD Perpetual","8h","0.1130%"
"2021-04-05 09:00:00","BTCUSD Perpetual","8h","0.0693%"
"2021-04-05 01:00:00","BTCUSD Perpetual","8h","0.0389%"
"2021-04-04 17:00:00","BTCUSD Perpetual","8h","0.0543%"
"2021-04-04 09:00:00","BTCUSD Perpetual","8h","0.0207%"
"2021-04-04 01:00:00","BTCUSD Perpetual","8h","0.0353%"
"2021-04-03 17:00:00","BTCUSD Perpetual","8h","0.0332%"
"2021-04-03 09:00:00","BTCUSD Perpetual","8h","0.0798%"
"2021-04-03 01:00:00","BTCUSD Perpetual","8h","0.1042%"
"2021-04-02 17:00:00","BTCUSD Perpetual","8h","0.0435%"
"2021-04-02 09:00:00","BTCUSD Perpetual","8h","0.0725%"
"2021-04-02 01:00:00","BTCUSD Perpetual","8h","0.1380%"
"2021-04-01 17:00:00","BTCUSD Perpetual","8h","0.0645%"
"2021-04-01 09:00:00","BTCUSD Perpetual","8h","0.0691%"
"2021-04-01 01:00:00","BTCUSD Perpetual","8h","0.0805%"
"2021-03-31 17:00:00","BTCUSD Perpetual","8h","0.0986%"
"2021-03-31 09:00:00","BTCUSD Perpetual","8h","0.0701%"
"2021-03-31 01:00:00","BTCUSD Perpetual","8h","0.0975%"
"2021-03-30 17:00:00","BTCUSD Perpetual","8h","0.0527%"
"2021-03-30 09:00:00","BTCUSD Perpetual","8h","0.0994%"
"2021-03-30 01:00:00","BTCUSD Perpetual","8h","0.0651%"
"2021-03-29 17:00:00","BTCUSD Perpetual","8h","0.0635%"
"2021-03-29 09:00:00","BTCUSD Perpetual","8h","0.0598%"
"2021-03-29 01:00:00","BTCUSD Perpetual","8h","0.0349%"
"2021-03-28 17:00:00","BTCUSD Perpetual","8h","0.0301%"
"2021-03-28 09:00:00","BTCUSD Perpetual","8h","0.0200%"
"2021-03-28 01:00:00","BTCUSD Perpetual","8h","0.0100%"
"2021-03-27 17:00:00","BTCUSD Perpetual","8h","0.0100%"
"2021-03-27 09:00:00","BTCUSD Perpetual","8h","0.0100%"
"2021-03-27 01:00:00","BTCUSD Perpetual","8h","0.0100%"
"2021-03-26 17:00:00","BTCUSD Perpetual","8h","0.0033%"
"2021-03-26 09:00:00","BTCUSD Perpetual","8h","0.0100%"
"2021-03-26 01:00:00","BTCUSD Perpetual","8h","0.0100%"
"2021-03-25 17:00:00","BTCUSD Perpetual","8h","0.0100%"
"2021-03-25 09:00:00","BTCUSD Perpetual","8h","0.0100%"
"2021-03-25 01:00:00","BTCUSD Perpetual","8h","0.0100%"
"2021-03-24 17:00:00","BTCUSD Perpetual","8h","0.0100%"
"2021-03-24 09:00:00","BTCUSD Perpetual","8h","0.0278%"
"2021-03-24 01:00:00","BTCUSD Perpetual","8h","0.0133%"
"2021-03-23 17:00:00","BTCUSD Perpetual","8h","0.0278%"
"2021-03-23 09:00:00","BTCUSD Perpetual","8h","0.0100%"
"2021-03-23 01:00:00","BTCUSD Perpetual","8h","0.0100%"
"2021-03-22 17:00:00","BTCUSD Perpetual","8h","0.0100%"
"2021-03-22 09:00:00","BTCUSD Perpetual","8h","0.0105%"
"2021-03-22 01:00:00","BTCUSD Perpetual","8h","0.0411%"
"2021-03-21 17:00:00","BTCUSD Perpetual","8h","0.0100%"
"2021-03-21 09:00:00","BTCUSD Perpetual","8h","0.0100%"
"2021-03-21 01:00:00","BTCUSD Perpetual","8h","0.0100%"
"2021-03-20 17:00:00","BTCUSD Perpetual","8h","0.0325%"
"2021-03-20 09:00:00","BTCUSD Perpetual","8h","0.0756%"
"2021-03-20 01:00:00","BTCUSD Perpetual","8h","0.0100%"
"2021-03-19 17:00:00","BTCUSD Perpetual","8h","0.0100%"
"2021-03-19 09:00:00","BTCUSD Perpetual","8h","0.0172%"
"2021-03-19 01:00:00","BTCUSD Perpetual","8h","0.0100%"
"2021-03-18 17:00:00","BTCUSD Perpetual","8h","0.0100%"
"2021-03-18 09:00:00","BTCUSD Perpetual","8h","0.0316%"
"2021-03-18 01:00:00","BTCUSD Perpetual","8h","0.0489%"
"2021-03-17 17:00:00","BTCUSD Perpetual","8h","0.0232%"
"2021-03-17 09:00:00","BTCUSD Perpetual","8h","0.0100%"
"2021-03-17 01:00:00","BTCUSD Perpetual","8h","0.0100%"
"2021-03-16 17:00:00","BTCUSD Perpetual","8h","0.0168%"
"2021-03-16 09:00:00","BTCUSD Perpetual","8h","0.0146%"
"2021-03-16 01:00:00","BTCUSD Perpetual","8h","0.0100%"
"2021-03-15 17:00:00","BTCUSD Perpetual","8h","0.0100%"
"2021-03-15 09:00:00","BTCUSD Perpetual","8h","0.0050%"
"2021-03-15 01:00:00","BTCUSD Perpetual","8h","0.0780%"
"2021-03-14 17:00:00","BTCUSD Perpetual","8h","0.0716%"
"2021-03-14 09:00:00","BTCUSD Perpetual","8h","0.0948%"
"2021-03-14 00:00:00","BTCUSD Perpetual","8h","0.0951%"
"2021-03-13 16:00:00","BTCUSD Perpetual","8h","0.1268%"
"2021-03-13 08:00:00","BTCUSD Perpetual","8h","0.1657%"
"2021-03-13 00:00:00","BTCUSD Perpetual","8h","0.0414%"
"2021-03-12 16:00:00","BTCUSD Perpetual","8h","0.0346%"
"2021-03-12 08:00:00","BTCUSD Perpetual","8h","0.0363%"
"2021-03-12 00:00:00","BTCUSD Perpetual","8h","0.0582%"
"2021-03-11 16:00:00","BTCUSD Perpetual","8h","0.1394%"
"2021-03-11 08:00:00","BTCUSD Perpetual","8h","0.0975%"
"2021-03-11 00:00:00","BTCUSD Perpetual","8h","0.0799%"
"2021-03-10 16:00:00","BTCUSD Perpetual","8h","0.1174%"
"2021-03-10 08:00:00","BTCUSD Perpetual","8h","0.0908%"
"2021-03-10 00:00:00","BTCUSD Perpetual","8h","0.0523%"
"2021-03-09 16:00:00","BTCUSD Perpetual","8h","0.0138%"
"2021-03-09 08:00:00","BTCUSD Perpetual","8h","0.0752%"
"2021-03-09 00:00:00","BTCUSD Perpetual","8h","0.0384%"
"2021-03-08 16:00:00","BTCUSD Perpetual","8h","0.0836%"
"2021-03-08 08:00:00","BTCUSD Perpetual","8h","0.0373%"
"2021-03-08 00:00:00","BTCUSD Perpetual","8h","0.0100%"
"2021-03-07 16:00:00","BTCUSD Perpetual","8h","0.0468%"
"2021-03-07 08:00:00","BTCUSD Perpetual","8h","0.0591%"
"2021-03-07 00:00:00","BTCUSD Perpetual","8h","0.0266%"
"2021-03-06 16:00:00","BTCUSD Perpetual","8h","0.0100%"
"2021-03-06 08:00:00","BTCUSD Perpetual","8h","0.0100%"
"2021-03-06 00:00:00","BTCUSD Perpetual","8h","0.0100%"
"2021-03-05 16:00:00","BTCUSD Perpetual","8h","0.0100%"
"2021-03-05 08:00:00","BTCUSD Perpetual","8h","0.0100%"
"2021-03-05 00:00:00","BTCUSD Perpetual","8h","0.0100%"
"2021-03-04 16:00:00","BTCUSD Perpetual","8h","0.0100%"
"2021-03-04 08:00:00","BTCUSD Perpetual","8h","0.0100%"
"2021-03-04 00:00:00","BTCUSD Perpetual","8h","0.0100%"
"2021-03-03 16:00:00","BTCUSD Perpetual","8h","0.0100%"
"2021-03-03 08:00:00","BTCUSD Perpetual","8h","0.0626%"
"2021-03-03 00:00:00","BTCUSD Perpetual","8h","0.0129%"
"2021-03-02 16:00:00","BTCUSD Perpetual","8h","0.0100%"
"2021-03-02 08:00:00","BTCUSD Perpetual","8h","0.0100%"
"2021-03-02 00:00:00","BTCUSD Perpetual","8h","0.0100%"
"2021-03-01 16:00:00","BTCUSD Perpetual","8h","0.0100%"
"2021-03-01 08:00:00","BTCUSD Perpetual","8h","0.0100%"
"2021-03-01 00:00:00","BTCUSD Perpetual","8h","0.0100%"
"2021-02-28 16:00:00","BTCUSD Perpetual","8h","0.0100%"
"2021-02-28 08:00:00","BTCUSD Perpetual","8h","0.0150%"
"2021-02-28 00:00:00","BTCUSD Perpetual","8h","0.0100%"
"2021-02-27 16:00:00","BTCUSD Perpetual","8h","0.0100%"
"2021-02-27 08:00:00","BTCUSD Perpetual","8h","0.0100%"
"2021-02-27 00:00:00","BTCUSD Perpetual","8h","0.0364%"
"2021-02-26 16:00:00","BTCUSD Perpetual","8h","0.0355%"
"2021-02-26 08:00:00","BTCUSD Perpetual","8h","0.0100%"
"2021-02-26 00:00:00","BTCUSD Perpetual","8h","0.0100%"
"2021-02-25 16:00:00","BTCUSD Perpetual","8h","0.0100%"
"2021-02-25 08:00:00","BTCUSD Perpetual","8h","0.0334%"
"2021-02-25 00:00:00","BTCUSD Perpetual","8h","0.0100%"
"2021-02-24 16:00:00","BTCUSD Perpetual","8h","0.0100%"
"2021-02-24 08:00:00","BTCUSD Perpetual","8h","0.0100%"
"2021-02-24 00:00:00","BTCUSD Perpetual","8h","0.0101%"
"2021-02-23 16:00:00","BTCUSD Perpetual","8h","0.0179%"
"2021-02-23 08:00:00","BTCUSD Perpetual","8h","0.0396%"
"2021-02-23 00:00:00","BTCUSD Perpetual","8h","0.0487%"
"2021-02-22 16:00:00","BTCUSD Perpetual","8h","0.0100%"
"2021-02-22 08:00:00","BTCUSD Perpetual","8h","0.0800%"
"2021-02-22 00:00:00","BTCUSD Perpetual","8h","0.0665%"
"2021-02-21 16:00:00","BTCUSD Perpetual","8h","0.1024%"
"2021-02-21 08:00:00","BTCUSD Perpetual","8h","0.1391%"
"2021-02-21 00:00:00","BTCUSD Perpetual","8h","0.0874%"
"2021-02-20 16:00:00","BTCUSD Perpetual","8h","0.0685%"
"2021-02-20 08:00:00","BTCUSD Perpetual","8h","0.0898%"
"2021-02-20 00:00:00","BTCUSD Perpetual","8h","0.0751%"
"2021-02-19 16:00:00","BTCUSD Perpetual","8h","0.1006%"
"2021-02-19 08:00:00","BTCUSD Perpetual","8h","0.1378%"
"2021-02-19 00:00:00","BTCUSD Perpetual","8h","0.1158%"
"2021-02-18 16:00:00","BTCUSD Perpetual","8h","0.0816%"
"2021-02-18 08:00:00","BTCUSD Perpetual","8h","0.1167%"
"2021-02-18 00:00:00","BTCUSD Perpetual","8h","0.1425%"
"2021-02-17 16:00:00","BTCUSD Perpetual","8h","0.1185%"
"2021-02-17 08:00:00","BTCUSD Perpetual","8h","0.1644%"
"2021-02-17 00:00:00","BTCUSD Perpetual","8h","0.1191%"
"2021-02-16 16:00:00","BTCUSD Perpetual","8h","0.0773%"
"2021-02-16 08:00:00","BTCUSD Perpetual","8h","0.1047%"
"2021-02-16 00:00:00","BTCUSD Perpetual","8h","0.1469%"
"2021-02-15 16:00:00","BTCUSD Perpetual","8h","0.1050%"
"2021-02-15 08:00:00","BTCUSD Perpetual","8h","0.0609%"
"2021-02-15 00:00:00","BTCUSD Perpetual","8h","0.0100%"
"2021-02-14 16:00:00","BTCUSD Perpetual","8h","0.0930%"
"2021-02-14 08:00:00","BTCUSD Perpetual","8h","0.1000%"
"2021-02-14 00:00:00","BTCUSD Perpetual","8h","0.1538%"
"2021-02-13 16:00:00","BTCUSD Perpetual","8h","0.0481%"
"2021-02-13 08:00:00","BTCUSD Perpetual","8h","0.0366%"
"2021-02-13 00:00:00","BTCUSD Perpetual","8h","0.1055%"
"2021-02-12 16:00:00","BTCUSD Perpetual","8h","0.0930%"
"2021-02-12 08:00:00","BTCUSD Perpetual","8h","0.0425%"
"2021-02-12 00:00:00","BTCUSD Perpetual","8h","0.0687%"
"2021-02-11 16:00:00","BTCUSD Perpetual","8h","0.0874%"
"2021-02-11 08:00:00","BTCUSD Perpetual","8h","0.1510%"
"2021-02-11 00:00:00","BTCUSD Perpetual","8h","0.0509%"
"2021-02-10 16:00:00","BTCUSD Perpetual","8h","0.0578%"
"2021-02-10 08:00:00","BTCUSD Perpetual","8h","0.0642%"
"2021-02-10 00:00:00","BTCUSD Perpetual","8h","0.1406%"
"2021-02-09 16:00:00","BTCUSD Perpetual","8h","0.0677%"
"2021-02-09 08:00:00","BTCUSD Perpetual","8h","0.0828%"
"2021-02-09 00:00:00","BTCUSD Perpetual","8h","0.1042%"
"2021-02-08 16:00:00","BTCUSD Perpetual","8h","0.0946%"
"2021-02-08 08:00:00","BTCUSD Perpetual","8h","0.1836%"
"2021-02-08 00:00:00","BTCUSD Perpetual","8h","0.0408%"
"2021-02-07 16:00:00","BTCUSD Perpetual","8h","0.0188%"
"2021-02-07 08:00:00","BTCUSD Perpetual","8h","0.0784%"
"2021-02-07 00:00:00","BTCUSD Perpetual","8h","0.0357%"
"2021-02-06 16:00:00","BTCUSD Perpetual","8h","0.1325%"
"2021-02-06 08:00:00","BTCUSD Perpetual","8h","0.0777%"
"2021-02-06 00:00:00","BTCUSD Perpetual","8h","0.0774%"
"2021-02-05 16:00:00","BTCUSD Perpetual","8h","0.0125%"
"2021-02-05 08:00:00","BTCUSD Perpetual","8h","0.0602%"
"2021-02-05 00:00:00","BTCUSD Perpetual","8h","0.0721%"
"2021-02-04 16:00:00","BTCUSD Perpetual","8h","0.0354%"
"2021-02-04 08:00:00","BTCUSD Perpetual","8h","0.0185%"
"2021-02-04 00:00:00","BTCUSD Perpetual","8h","0.0604%"
"2021-02-03 16:00:00","BTCUSD Perpetual","8h","0.0426%"
"2021-02-03 08:00:00","BTCUSD Perpetual","8h","0.0710%"
"2021-02-03 00:00:00","BTCUSD Perpetual","8h","0.0569%"
"2021-02-02 16:00:00","BTCUSD Perpetual","8h","0.0549%"
"2021-02-02 08:00:00","BTCUSD Perpetual","8h","0.0790%"
"2021-02-02 00:00:00","BTCUSD Perpetual","8h","0.0267%"
"2021-02-01 16:00:00","BTCUSD Perpetual","8h","0.0146%"
"2021-02-01 08:00:00","BTCUSD Perpetual","8h","0.0361%"
"2021-02-01 00:00:00","BTCUSD Perpetual","8h","0.0273%"
"2021-01-31 16:00:00","BTCUSD Perpetual","8h","0.0100%"
"2021-01-31 08:00:00","BTCUSD Perpetual","8h","0.0100%"
"2021-01-31 00:00:00","BTCUSD Perpetual","8h","0.0100%"
"2021-01-30 16:00:00","BTCUSD Perpetual","8h","0.0100%"
"2021-01-30 08:00:00","BTCUSD Perpetual","8h","0.0100%"
"2021-01-30 00:00:00","BTCUSD Perpetual","8h","0.0100%"
"2021-01-29 16:00:00","BTCUSD Perpetual","8h","0.0100%"
"2021-01-29 08:00:00","BTCUSD Perpetual","8h","0.1198%"
"2021-01-29 00:00:00","BTCUSD Perpetual","8h","0.0100%"
"2021-01-28 16:00:00","BTCUSD Perpetual","8h","-0.0086%"
"2021-01-28 08:00:00","BTCUSD Perpetual","8h","0.0100%"
"2021-01-28 00:00:00","BTCUSD Perpetual","8h","0.0100%"
"2021-01-27 16:00:00","BTCUSD Perpetual","8h","0.0100%"
"2021-01-27 08:00:00","BTCUSD Perpetual","8h","0.0100%"
"2021-01-27 00:00:00","BTCUSD Perpetual","8h","0.0005%"
"2021-01-26 16:00:00","BTCUSD Perpetual","8h","0.0100%"
"2021-01-26 08:00:00","BTCUSD Perpetual","8h","0.0090%"
"2021-01-26 00:00:00","BTCUSD Perpetual","8h","0.0100%"
"2021-01-25 16:00:00","BTCUSD Perpetual","8h","0.0100%"
"2021-01-25 08:00:00","BTCUSD Perpetual","8h","0.0320%"
"2021-01-25 00:00:00","BTCUSD Perpetual","8h","0.0438%"
"2021-01-24 16:00:00","BTCUSD Perpetual","8h","0.0100%"
"2021-01-24 08:00:00","BTCUSD Perpetual","8h","0.0171%"
"2021-01-24 00:00:00","BTCUSD Perpetual","8h","0.0150%"
"2021-01-23 16:00:00","BTCUSD Perpetual","8h","0.0100%"
"2021-01-23 08:00:00","BTCUSD Perpetual","8h","0.0100%"
"2021-01-23 00:00:00","BTCUSD Perpetual","8h","0.0100%"
"2021-01-22 16:00:00","BTCUSD Perpetual","8h","0.0100%"
"2021-01-22 08:00:00","BTCUSD Perpetual","8h","0.0100%"
"2021-01-22 00:00:00","BTCUSD Perpetual","8h","0.0100%"
"2021-01-21 16:00:00","BTCUSD Perpetual","8h","0.0100%"
"2021-01-21 08:00:00","BTCUSD Perpetual","8h","0.0100%"
"2021-01-21 00:00:00","BTCUSD Perpetual","8h","0.0239%"
"2021-01-20 16:00:00","BTCUSD Perpetual","8h","0.0100%"
"2021-01-20 08:00:00","BTCUSD Perpetual","8h","0.0100%"
"2021-01-20 00:00:00","BTCUSD Perpetual","8h","0.0100%"
"2021-01-19 16:00:00","BTCUSD Perpetual","8h","0.0184%"
"2021-01-19 08:00:00","BTCUSD Perpetual","8h","0.0688%"
"2021-01-19 00:00:00","BTCUSD Perpetual","8h","0.1085%"
"2021-01-18 16:00:00","BTCUSD Perpetual","8h","0.0437%"
"2021-01-18 08:00:00","BTCUSD Perpetual","8h","0.1089%"
"2021-01-18 00:00:00","BTCUSD Perpetual","8h","0.0138%"
"2021-01-17 16:00:00","BTCUSD Perpetual","8h","0.0723%"
"2021-01-17 08:00:00","BTCUSD Perpetual","8h","0.0100%"
"2021-01-17 00:00:00","BTCUSD Perpetual","8h","0.0100%"
"2021-01-16 16:00:00","BTCUSD Perpetual","8h","0.0100%"
"2021-01-16 08:00:00","BTCUSD Perpetual","8h","0.0714%"
"2021-01-16 00:00:00","BTCUSD Perpetual","8h","0.0100%"
"2021-01-15 16:00:00","BTCUSD Perpetual","8h","0.0100%"
"2021-01-15 08:00:00","BTCUSD Perpetual","8h","0.0932%"
"2021-01-15 00:00:00","BTCUSD Perpetual","8h","0.0479%"
"2021-01-14 16:00:00","BTCUSD Perpetual","8h","0.0685%"
"2021-01-14 08:00:00","BTCUSD Perpetual","8h","0.0402%"
"2021-01-14 00:00:00","BTCUSD Perpetual","8h","0.0619%"
"2021-01-13 16:00:00","BTCUSD Perpetual","8h","0.0152%"
"2021-01-13 08:00:00","BTCUSD Perpetual","8h","0.0427%"
"2021-01-13 00:00:00","BTCUSD Perpetual","8h","0.0100%"
"2021-01-12 16:00:00","BTCUSD Perpetual","8h","0.0146%"
"2021-01-12 08:00:00","BTCUSD Perpetual","8h","0.0415%"
"2021-01-12 00:00:00","BTCUSD Perpetual","8h","0.0335%"
"2021-01-11 16:00:00","BTCUSD Perpetual","8h","0.0100%"
"2021-01-11 08:00:00","BTCUSD Perpetual","8h","0.0991%"
"2021-01-11 00:00:00","BTCUSD Perpetual","8h","0.1591%"
"2021-01-10 16:00:00","BTCUSD Perpetual","8h","0.0450%"
"2021-01-10 08:00:00","BTCUSD Perpetual","8h","0.0100%"
"2021-01-10 00:00:00","BTCUSD Perpetual","8h","0.0995%"
"2021-01-09 16:00:00","BTCUSD Perpetual","8h","0.0579%"